date,pbi,invpriv,ipc,int,tpm,tdi,ipx,icgc,tc,usgdp,uscpi,fed,vix,cobre
1947-03-01,,,,,,,,,,2182.681,21.7,,,
1947-06-01,,,,,,,,,,2176.892,22.01,,,
1947-09-01,,,,,,,,,,2172.432,22.49,,,
1947-12-01,,,,,,,,,,2206.452,23.126667,,,
1948-03-01,,,,,,,,,,2239.682,23.616667,,,
1948-06-01,,,,,,,,,,2276.69,23.993333,,,
1948-09-01,,,,,,,,,,2289.77,24.396667,,,
1948-12-01,,,,,,,,,,2292.364,24.173333,,,
1949-03-01,,,,,,,,,,2260.807,23.943333,,,
1949-06-01,,,,,,,,,,2253.128,23.916667,,,
1949-09-01,,,,,,,,,,2276.424,23.716667,,,
1949-12-01,,,,,,,,,,2257.352,23.66,,,
1950-03-01,,,,,,,,,,2346.104,23.586667,,,
1950-06-01,,,,,,,,,,2417.682,23.766667,,,
1950-09-01,,,,,,,,,,2511.127,24.203333,,,
1950-12-01,,,,,,,,,,2559.214,24.693333,,,
1951-03-01,,,,,,,,,,2593.967,25.696667,,,
1951-06-01,,,,,,,,,,2638.898,25.946667,,,
1951-09-01,,,,,,,,,,2693.259,25.933333,,,
1951-12-01,,,,,,,,,,2699.156,26.316667,,,
1952-03-01,,,,,,,,,,2727.954,26.416667,,,
1952-06-01,,,,,,,,,,2733.8,26.486667,,,
1952-09-01,,,,,,,,,,2753.517,26.666667,,,
1952-12-01,,,,,,,,,,2843.941,26.696667,,,
1953-03-01,,,,,,,,,,2896.811,26.62,,,
1953-06-01,,,,,,,,,,2919.206,26.72,,,
1953-09-01,,,,,,,,,,2902.785,26.843333,,,
1953-12-01,,,,,,,,,,2858.845,26.89,,,
1954-03-01,,,,,,,,,,2845.192,26.953333,,,
1954-06-01,,,,,,,,,,2848.305,26.91,,,
1954-09-01,,,,,,,,,,2880.482,26.84,1.03,,
1954-12-01,,,,,,,,,,2936.852,26.756667,0.986667,,
1955-03-01,,,,,,,,,,3020.746,26.793333,1.343333,,
1955-06-01,,,,,,,,,,3069.91,26.756667,1.5,,
1955-09-01,,,,,,,,,,3111.379,26.776667,1.94,,
1955-12-01,,,,,,,,,,3130.068,26.856667,2.356667,,
1956-03-01,,,,,,,,,,3117.922,26.86,2.483333,,
1956-06-01,,,,,,,,,,3143.694,27.036667,2.693333,,
1956-09-01,,,,,,,,,,3140.874,27.316667,2.81,,
1956-12-01,,,,,,,,,,3192.57,27.55,2.926667,,
1957-03-01,,,,,,,,,,3213.011,27.776667,2.933333,,
1957-06-01,,,,,,,,,,3205.97,28.013333,3.0,,
1957-09-01,,,,,,,,,,3237.386,28.263333,3.233333,,
1957-12-01,,,,,,,,,,3203.894,28.4,3.253333,,
1958-03-01,,,,,,,,,,3120.724,28.736667,1.863333,,
1958-06-01,,,,,,,,,,3141.224,28.93,0.94,,
1958-09-01,,,,,,,,,,3213.884,28.913333,1.323333,,
1958-12-01,,,,,,,,,,3289.032,28.943333,2.163333,,
1959-03-01,,,,,,,,,,3352.129,28.993333,2.57,,
1959-06-01,,,,,,,,,,3427.667,29.043333,3.083333,,
1959-09-01,,,,,,,,,,3430.057,29.193333,3.576667,,
1959-12-01,,,,,,,,,,3439.832,29.37,3.99,,
1960-03-01,,,,,,,,,,3517.181,29.396667,3.933333,,
1960-06-01,,,,,,,,,,3498.246,29.573333,3.696667,,
1960-09-01,,,,,,,,,,3515.385,29.59,2.936667,,
1960-12-01,,,,,,,,,,3470.278,29.78,2.296667,,
1961-03-01,,,,,,,,,,3493.703,29.84,2.003333,,
1961-06-01,,,,,,,,,,3553.021,29.83,1.733333,,
1961-09-01,,,,,,,,,,3621.252,29.946667,1.683333,,
1961-12-01,,,,,,,,,,3692.289,29.99,2.4,,
1962-03-01,,,,,,,,,,3758.147,30.106667,2.456667,,
1962-06-01,,,,,,,,,,3792.149,30.22,2.606667,,
1962-09-01,,,,,,,,,,3838.776,30.306667,2.846667,,
1962-12-01,,,,,,,,,,3851.421,30.38,2.923333,,
1963-03-01,,,,,,,,,,3893.482,30.476667,2.966667,,
1963-06-01,,,,,,,,,,3937.183,30.533333,2.963333,,
1963-09-01,,,,,,,,,,4023.755,30.72,3.33,,
1963-12-01,,,,,,,,,,4050.147,30.803333,3.453333,,
1964-03-01,,,,,,,,,,4135.553,30.93,3.463333,,
1964-06-01,,,,,,,,,,4180.592,30.98,3.49,,
1964-09-01,,,,,,,,,,4245.918,31.05,3.456667,,
1964-12-01,,,,,,,,,,4259.046,31.193333,3.576667,,
1965-03-01,,,,,,,,,,4362.111,31.29,3.976667,,
1965-06-01,,,,,,,,,,4417.225,31.49,4.08,,
1965-09-01,,,,,,,,,,4515.427,31.583333,4.076667,,
1965-12-01,,,,,,,,,,4619.458,31.75,4.166667,,
1966-03-01,,,,,,,,,,4731.888,32.046667,4.56,,
1966-06-01,,,,,,,,,,4748.046,32.336667,4.913333,,
1966-09-01,,,,,,,,,,4788.254,32.616667,5.41,,
1966-12-01,,,,,,,,,,4827.537,32.883333,5.563333,,
1967-03-01,,,,,,,,,,4870.299,32.966667,4.823333,,
1967-06-01,,,,,,,,,,4873.287,33.166667,3.99,,
1967-09-01,,,,,,,,,,4919.392,33.5,3.893333,,
1967-12-01,,,,,,,,,,4956.477,33.866667,4.173333,,
1968-03-01,,,,,,,,,,5057.553,34.2,4.79,,
1968-06-01,,,,,,,,,,5142.033,34.533333,5.983333,,
1968-09-01,,,,,,,,,,5181.859,35.0,5.946667,,
1968-12-01,,,,,,,,,,5202.212,35.433333,5.916667,,
1969-03-01,,,,,,,,,,5283.597,35.866667,6.566667,,
1969-06-01,,,,,,,,,,5299.625,36.433333,8.326667,,
1969-09-01,,,,,,,,,,5334.6,36.933333,8.983333,,
1969-12-01,,,,,,,,,,5308.556,37.5,8.94,,
1970-03-01,,,,,,,,,,5300.652,38.1,8.573333,,
1970-06-01,,,,,,,,,,5308.164,38.633333,7.886667,,
1970-09-01,,,,,,,,,,5357.077,39.033333,6.706667,,
1970-12-01,,,,,,,,,,5299.672,39.6,5.566667,,
1971-03-01,,,,,,,,,,5443.619,39.933333,3.856667,,
1971-06-01,,,,,,,,,,5473.059,40.3,4.566667,,
1971-09-01,,,,,,,,,,5518.072,40.7,5.476667,,
1971-12-01,,,,,,,,,,5531.032,41.0,4.75,,
1972-03-01,,,,,,,,,,5632.649,41.333333,3.546667,,
1972-06-01,,,,,,,,,,5760.47,41.6,4.3,,
1972-09-01,,,,,,,,,,5814.854,41.933333,4.743333,,
1972-12-01,,,,,,,,,,5912.22,42.366667,5.146667,,
1973-03-01,,,,,,,,,,6058.544,43.033333,6.536667,,
1973-06-01,,,,,,,,,,6124.506,43.933333,7.816667,,
1973-09-01,,,,,,,,,,6092.301,44.8,10.56,,
1973-12-01,,,,,,,,,,6150.131,45.933333,9.996667,,
1974-03-01,,,,,,,,,,6097.258,47.3,9.323333,,
1974-06-01,,,,,,,,,,6111.751,48.566667,11.25,,
1974-09-01,,,,,,,,,,6053.978,49.933333,12.09,,
1974-12-01,,,,,,,,,,6030.464,51.466667,9.346667,,
1975-03-01,,,,,,,,,,5957.035,52.566667,6.303333,,
1975-06-01,,,,,,,,,,5999.61,53.2,5.42,,
1975-09-01,,,,,,,,,,6102.326,54.266667,6.16,,
1975-12-01,,,,,,,,,,6184.53,55.266667,5.413333,,
1976-03-01,,,,,,,,,,6323.649,55.9,4.826667,,
1976-06-01,,,,,,,,,,6370.025,56.4,5.196667,,
1976-09-01,,,,,,,,,,6404.895,57.3,5.283333,,
1976-12-01,,,,,,,,,,6451.177,58.133333,4.873333,,
1977-03-01,,,,,,,,,,6527.703,59.2,4.66,,
1977-06-01,,,,,,,,,,6654.466,60.233333,5.156667,,
1977-09-01,,,,,,,,,,6774.457,61.066667,5.82,,
1977-12-01,,,,,,,,,,6774.592,61.966667,6.513333,,
1978-03-01,,,,,,,,,,6796.26,63.033333,6.756667,,
1978-06-01,,,,,,,,,,7058.92,64.466667,7.283333,,
1978-09-01,,,,,,,,,,7129.915,65.966667,8.1,,
1978-12-01,,,,,,,,,,7225.75,67.5,9.583333,,
1979-03-01,34513.516373,3728.245898,,,,,,,,7238.727,69.2,10.073333,,
1979-06-01,40882.008514,3885.685363,,,,,,,,7246.454,71.4,10.18,,
1979-09-01,40670.622633,4482.737021,,,,,,,,7300.281,73.7,10.946667,,
1979-12-01,42183.245165,4216.51166,,,,,,,,7318.535,76.033333,13.576667,,
1980-03-01,36357.477805,4541.78994,,,,,,,,7341.557,79.033333,15.046667,,
1980-06-01,43102.110211,5682.388255,,,,,,,,7190.289,81.7,12.686667,,
1980-09-01,42344.48292,5320.988709,,,,,,,,7181.743,83.233333,9.836667,,
1980-12-01,45791.929063,6224.964673,,,,,,,,7315.677,85.566667,15.853333,,
1981-03-01,39025.874528,6349.408399,,,,,,,,7459.022,87.933333,16.57,,
1981-06-01,45857.886011,5902.406791,,,,,,,,7403.745,89.766667,17.78,,
1981-09-01,45002.690184,6303.401603,,,,,,,,7492.405,92.266667,17.576667,,
1981-12-01,47014.549277,7144.841255,,,,,,,,7410.768,93.766667,13.586667,,
1982-03-01,40474.847526,6839.294594,,,,,,,,7295.631,94.6,14.226667,,
1982-06-01,46211.088331,6107.261263,,,,,,,,7328.912,95.966667,14.513333,,
1982-09-01,43888.797994,5947.260151,,,,,,,,7300.896,97.633333,11.006667,,
1982-12-01,45932.266148,4941.048727,,,,,,,,7303.817,97.933333,9.286667,,
1983-03-01,36438.089079,4226.603388,,,,,,,,7400.066,98.0,8.653333,,
1983-06-01,41011.223625,3323.660485,,,,,,,,7568.456,99.133333,8.803333,,
1983-09-01,39106.78551,3824.948702,,,,,,,,7719.746,100.1,9.46,,
1983-12-01,41579.901786,3275.347175,,,,,,,,7880.794,101.1,9.43,,
1984-03-01,35508.364763,3893.804658,,,,,,,,8034.847,102.533333,9.686667,,
1984-06-01,41849.251768,3085.036675,,,,,,,,8173.67,103.5,10.556667,,
1984-09-01,41510.754424,3519.826503,,,,,,,,8252.465,104.4,11.39,,
1984-12-01,44973.629044,3140.465976,,,,,,,,8320.199,105.3,9.266667,,
1985-03-01,39428.509392,2999.534571,,,,,,,,8400.82,106.266667,8.476667,,
1985-06-01,43937.530117,3375.15284,,,,,,,,8474.787,107.233333,7.923333,,
1985-09-01,40849.146669,2994.606443,,,,,,,,8604.22,107.9,7.9,,
1985-12-01,43003.813822,2710.092708,,,,,,,,8668.188,109.0,8.103333,,
1986-03-01,38202.405762,3328.864834,,,,,,,,8749.127,109.566667,7.826667,,
1986-06-01,46949.843107,4758.775148,,,,,,,,8788.524,109.033333,6.92,,
1986-09-01,47017.476158,3962.627286,,,,,,,,8872.601,109.7,6.206667,,
1986-12-01,50811.274973,4751.851715,,,,,,,,8920.193,110.466667,6.266667,,
1987-03-01,44533.394467,5306.140472,,,,,,,,8986.367,111.8,6.22,,
1987-06-01,51060.137017,4931.372535,,,,,,,,9083.256,113.066667,6.65,,
1987-09-01,51599.530839,5954.330091,,,,,,,,9162.024,114.266667,6.843333,,
1987-12-01,53584.937676,5068.614476,,,,,,,,9319.332,115.333333,6.916667,,
1988-03-01,43968.84792,5276.296554,,,,,,,,9367.502,116.233333,6.663333,,
1988-06-01,49303.015806,5043.264601,,,,,,,,9490.594,117.566667,7.156667,,
1988-09-01,46027.219703,5190.175529,,,,,,,,9546.206,119.0,7.983333,,
1988-12-01,42522.916571,3811.664876,,,,,,,,9673.405,120.3,8.47,,
1989-03-01,35208.321941,3328.053284,,,,,,,,9771.725,121.666667,9.443333,,
1989-06-01,39867.60242,2894.177035,,,,,,,,9846.293,123.633333,9.726667,,
1989-09-01,40356.296784,4113.633336,,,,,,,,9919.228,124.6,9.083333,,
1989-12-01,44003.778855,4906.439491,,,,,,,,9938.767,125.866667,8.613333,,
1990-03-01,40440.508268,4770.910288,,,,,,,,10047.386,128.033333,8.25,22.224059,
1990-06-01,40316.935669,4886.589235,,,,,,,,10083.855,129.3,8.243333,18.774536,
1990-09-01,33934.510655,3846.610556,,,,,,,,10090.569,131.533333,8.16,25.225148,
1990-12-01,36800.045408,3654.778762,,,,,,,,9998.704,133.766667,7.743333,25.958122,
1991-03-01,36289.656664,3791.465615,8.065001,,,,,,,9951.916,134.766667,6.426667,22.257241,
1991-06-01,40194.365705,4225.174184,9.997247,,,,,,,10029.51,135.566667,5.863333,17.146667,
1991-09-01,39444.328625,4751.596375,12.632927,,,,,,,10080.195,136.6,5.643333,16.643985,
1991-12-01,38925.649006,4386.162345,14.465385,,,,,,,10115.329,137.733333,4.816667,17.495011,
1992-03-01,38553.885525,4622.056607,16.436169,,,,,,,10236.435,138.666667,4.023333,17.560335,2197.085799
1992-06-01,39420.097941,4040.395025,18.681163,,,,,,,10347.429,139.733333,3.77,15.614346,2243.307937
1992-09-01,36833.070986,4077.953549,20.563166,,,,,,,10449.673,140.8,3.256667,13.906797,2486.78973
1992-12-01,39209.945548,3709.862279,22.686,,,,,,,10558.648,142.033333,3.036667,14.750894,2212.065448
1993-03-01,38458.771433,3960.002495,25.506421,,,,,,,10576.275,143.066667,3.04,13.245555,2209.591855
1993-06-01,41646.567194,4129.651843,28.367531,,,,,,,10637.847,144.1,3.0,12.990348,1870.281003
1993-09-01,40683.666243,4682.28381,30.454137,,,,,,,10688.606,144.766667,3.06,12.12018,1912.220398
1993-12-01,41303.99513,5256.505355,32.108705,,,,,,,10833.987,145.966667,2.99,12.43847,1667.731036
1994-03-01,43373.677412,4884.519258,34.085277,,,,,,,10939.116,146.7,3.213333,13.386055,1861.773433
1994-06-01,46709.94895,5331.925437,35.657273,,,,,,,11087.361,147.533333,3.94,14.592277,2129.653187
1994-09-01,45094.064914,6962.466486,36.767492,,,,,,,11152.176,148.9,4.486667,12.535655,2453.943013
1994-12-01,46865.980043,7909.088819,37.562478,,,,,,,11279.932,149.766667,5.166667,15.26873,2776.756387
1995-03-01,47280.468762,7397.090261,38.46573,,,,,3682.321787,2.214555,11319.951,150.866667,5.81,11.970269,2931.128677
1995-06-01,50715.534226,8187.123225,39.670706,,,,,3925.818239,2.24862,11353.721,152.1,6.02,12.201786,2884.714007
1995-09-01,48795.675265,8674.805506,40.55341,,,,,3736.788395,2.237839,11450.31,152.866667,5.796667,12.45642,3009.003766
1995-12-01,48744.313184,7686.981008,41.418673,9.643333,,,,4015.015785,2.296339,11528.067,153.7,5.72,12.858273,2903.299285
1996-03-01,47884.625435,7291.922494,42.88163,11.24,,58.709555,42.051599,3748.421695,2.352013,11614.418,155.066667,5.363333,15.423006,2571.005534
1996-06-01,51913.680284,7817.335534,44.152644,12.743333,,59.281181,42.567042,4460.09397,2.40412,11808.14,156.4,5.243333,16.372201,2476.845627
1996-09-01,50072.600789,7937.304108,45.332582,12.423333,,55.667526,40.02222,3921.026427,2.466709,11914.063,157.3,5.306667,16.772364,1978.954479
1996-12-01,51138.383215,8200.437864,46.232677,16.02,,57.357831,41.599073,4056.832587,2.573428,12037.775,158.666667,5.28,17.213231,2146.739867
1997-03-01,50364.871465,7963.673065,47.126658,15.173333,,61.313013,42.334472,4197.264274,2.632178,12115.472,159.633333,5.276667,19.927602,2418.029521
1997-06-01,56186.467577,8469.337047,48.137687,12.8,,62.90378,42.734901,4580.537409,2.660058,12317.221,160.0,5.523333,19.927107,2504.634595
1997-09-01,53279.582554,9557.20215,49.130768,10.493333,,64.40501,43.570592,4189.979239,2.649787,12471.01,160.8,5.533333,22.475411,2267.868434
1997-12-01,54197.369792,10250.787738,49.468777,12.746667,,60.933145,41.066225,4320.306707,2.699565,12577.495,161.666667,5.506667,27.451115,1910.215968
1998-03-01,51486.876291,9139.308587,50.777769,14.52,,60.486549,39.60887,4293.59739,2.782715,12703.742,162.0,5.52,21.341361,1699.586386
1998-06-01,54478.793178,9335.394455,52.041467,16.346667,,62.745509,39.778082,4328.156312,2.855816,12821.339,162.533333,5.5,21.521766,1729.459398
1998-09-01,53514.845547,8873.345338,52.654685,28.563333,,61.482026,38.460321,4173.66973,2.973403,12982.752,163.366667,5.533333,29.907619,1640.788166
1998-12-01,53709.478377,8024.951621,52.454716,16.393333,,58.41606,36.154734,4007.689953,3.091368,13191.67,164.133333,4.86,29.436758,1544.995998
1999-03-01,51214.633637,7032.184692,52.902262,19.673333,,58.691017,35.794827,3956.564428,3.339997,13315.597,164.733333,4.733333,27.389153,1407.8091
1999-06-01,55517.781013,7133.980943,53.686968,13.506667,,56.06875,34.760182,3885.957913,3.338896,13426.748,165.966667,4.746667,24.436478,1465.44382
1999-09-01,53196.089808,7905.646089,54.121506,9.406667,,56.536358,35.630795,3762.64441,3.367364,13604.771,167.2,5.093333,23.304704,1678.533911
1999-12-01,56448.236172,7909.188277,54.431613,17.733333,,58.306549,37.605141,4185.100132,3.479302,13827.98,168.433333,5.306667,22.666205,1738.313598
2000-03-01,54674.822376,7666.96676,54.951367,12.17,,58.196585,37.921183,4139.371785,3.466091,13878.147,170.1,5.676667,23.17192,1796.891667
2000-06-01,58255.550705,6800.716249,55.537812,14.383333,,56.064104,36.799461,4271.396754,3.489744,14130.908,171.433333,6.273333,25.025797,1739.692684
2000-09-01,54621.751135,7354.572695,56.129893,11.01,,56.680494,37.856307,3981.302146,3.480933,14145.312,173.0,6.52,19.223065,1874.053209
2000-12-01,54654.583132,7638.744296,56.609492,13.316667,,55.447453,37.129184,4242.448554,3.516132,14229.765,174.233333,6.473333,26.037786,1847.458333
2001-03-01,51760.366976,6835.206981,56.975369,10.694186,,55.930796,36.87936,3820.909455,3.523642,14183.12,175.9,5.593333,25.60899,1765.113636
2001-06-01,58431.064091,6771.881995,56.974674,13.73208,,55.39008,35.927558,3948.98386,3.56318,14271.694,177.133333,4.326667,24.006189,1653.763757
2001-09-01,56119.647311,7476.442398,56.952511,6.637521,,56.313519,36.111914,3917.050397,3.494975,14214.516,177.633333,3.496667,26.414421,1473.626396
2001-12-01,57268.497372,7005.468625,56.735648,3.723397,,57.683135,35.548859,3954.23652,3.445001,14253.574,177.5,2.133333,27.690752,1428.172109
2002-03-01,55137.741199,6669.326452,56.399489,2.6,,59.338471,36.344957,3647.917902,3.464112,14372.785,178.066667,1.733333,21.371216,1558.995758
2002-06-01,62307.226783,6729.81036,57.016422,2.533333,,60.454149,38.05202,4262.610029,3.456964,14460.848,179.466667,1.75,21.753061,1612.062867
2002-09-01,58404.354465,7277.015085,57.104197,3.746789,,60.232733,38.612758,4496.298218,3.57404,14519.633,180.433333,1.74,35.146591,1516.711594
2002-12-01,59923.624681,7468.848103,57.55493,4.11333,,61.406116,39.496588,4344.542052,3.570836,14537.58,181.5,1.443333,30.54284,1553.39058
2003-03-01,58249.270141,7263.930443,57.994251,3.79,,59.693597,40.381021,4288.978577,3.485688,14614.141,183.366667,1.25,30.092331,1662.716407
2003-06-01,65202.488111,7141.395996,58.381038,3.786667,,58.560255,39.620068,4523.721656,3.474845,14743.567,183.066667,1.246667,21.53127,1641.358214
2003-09-01,60551.683473,7917.067073,58.216964,3.083333,,61.861712,41.900343,4527.280322,3.47751,14988.782,184.433333,1.016667,19.322677,1753.073847
2003-12-01,61589.172028,7592.606488,58.640074,2.606667,2.583333,65.079128,45.057696,4767.60983,3.475747,15162.76,185.133333,0.996667,17.416965,2060.297774
2004-03-01,60913.815575,7995.788906,59.730021,2.47,2.5,70.62433,51.184888,4585.673773,3.471917,15248.68,186.7,1.003333,16.595604,2724.4921
2004-06-01,67639.712867,7768.454326,60.369596,2.476667,2.5,70.220631,52.236794,5093.201987,3.478018,15366.85,188.166667,1.01,16.248766,2781.49366
2004-09-01,63145.752851,8202.15009,60.783921,2.613333,2.666667,67.612385,52.138291,4860.81948,3.398114,15512.619,189.366667,1.433333,15.422475,2854.722763
2004-12-01,66070.504941,8368.606677,60.888699,2.983333,3.0,68.690031,55.727891,4943.774148,3.304087,15670.88,191.4,1.95,13.670325,3093.166522
2005-03-01,64340.889413,8332.651049,61.04056,2.936667,3.0,70.467178,58.060557,5145.058789,3.262116,15844.727,192.366667,2.47,12.75777,3264.701587
2005-06-01,71310.36762,8496.807777,61.435086,3.01,3.0,72.009898,60.674955,6162.641748,3.255198,15922.782,193.666667,2.943333,13.431768,3387.145599
2005-09-01,67229.826187,9321.57446,61.540158,2.986667,3.0,72.963944,63.523238,5249.889866,3.272305,16047.587,196.6,3.46,12.209467,3750.348124
2005-12-01,71090.070667,10065.966714,61.667577,3.133333,3.083333,77.013606,67.716993,5706.945273,3.393714,16136.734,198.433333,3.98,12.781746,4303.783586
2006-03-01,69670.764069,10649.13472,62.485178,3.84,3.75,83.45909,73.683357,6475.248817,3.340449,16353.835,199.466667,4.456667,12.066989,4947.502019
2006-06-01,75823.935494,10108.318679,62.859652,4.476667,4.416667,95.732566,88.259216,7885.794083,3.291544,16396.151,201.266667,4.906667,14.40685,7228.802549
2006-09-01,72806.269064,10754.41166,62.650125,4.483333,4.5,97.780152,92.225601,6843.218573,3.241741,16420.738,203.166667,5.246667,13.620746,7679.876984
2006-12-01,76296.862183,11970.134942,62.605489,4.496667,4.5,99.135222,91.44,7010.850128,3.221622,16561.866,202.333333,5.246667,11.029494,7069.226077
2007-03-01,73354.118,12071.908227,62.744318,4.486667,4.5,99.642881,92.601404,7069.573757,3.189471,16611.69,204.317,5.256667,12.453497,5957.595455
2007-06-01,80625.953,12465.375782,63.362453,4.506667,4.5,105.42056,102.128463,9380.543633,3.172004,16713.314,206.631,5.25,13.726115,7648.51086
2007-09-01,80699.632,14045.489305,64.156171,4.81,4.833333,99.684743,101.857108,7713.157908,3.151689,16809.587,207.939,5.073333,21.499456,7717.495455
2007-12-01,85013.297,15043.225575,64.794888,4.986667,5.0,95.830037,103.413025,7628.936769,3.000546,16915.191,210.489667,4.496667,22.116344,7202.918295
2008-03-01,80796.311095,14806.417111,65.781013,4.89,5.25,96.242498,108.495184,7938.459613,2.888913,16843.003,212.769667,3.176667,26.12523,7818.122579
2008-06-01,89117.714,16481.291634,66.872365,5.526287,5.583333,92.870327,114.038631,9572.602778,2.814687,16943.291,215.537667,2.086667,20.658846,8454.102273
2008-09-01,88430.241,17907.545997,68.065862,6.183047,6.25,84.776086,107.067451,8470.68065,2.902193,16854.295,218.861,1.94,25.085368,7671.978458
2008-12-01,90525.73395,17244.945283,69.101034,6.560667,6.5,73.19372,80.018975,7667.332452,3.093608,16485.35,213.848667,0.506667,58.750446,3909.724681
2009-03-01,82892.208145,14748.120302,69.459919,6.360668,6.25,76.912835,76.677746,7094.134359,3.187341,16298.262,212.377667,0.183333,45.016327,3453.214881
2009-06-01,88463.962,13848.314068,69.523678,4.24148,4.0,83.193861,84.384952,7788.561188,3.023184,16269.145,213.507,0.18,33.060755,4681.272448
2009-09-01,88341.329,15611.046156,69.369402,1.591033,1.5,88.896203,92.652461,6970.342428,2.957569,16326.281,215.344,0.156667,25.475512,5867.012681
2009-12-01,92995.500906,16357.711389,69.38743,1.204687,1.25,98.019726,104.244232,7521.255873,2.877916,16502.754,217.03,0.12,23.093606,6655.135101
2010-03-01,87436.71718,16969.993795,69.929035,1.149293,1.25,100.38709,110.013899,8696.017946,2.849903,16582.71,217.374,0.133333,20.31685,7233.994928
2010-06-01,96793.118,18042.667482,70.322736,1.4286,1.5,102.414534,114.447522,9513.137472,2.841133,16743.162,217.297333,0.193333,26.423383,7024.831798
2010-09-01,96794.993,19989.956545,70.871614,2.339333,2.5,102.78907,115.147576,8398.990794,2.805159,16872.266,217.934333,0.186667,24.276255,7260.941919
2010-12-01,101056.17182,20787.129973,70.865159,2.965967,3.0,109.85485,127.773268,8822.428574,2.804248,16960.864,219.699,0.186667,19.346198,8633.679834
2011-03-01,94793.522293,19496.551966,71.577281,3.4254,3.5,112.255716,139.30823,10016.308639,2.778988,16920.632,222.043667,0.156667,18.489659,9639.165399
2011-06-01,101908.285,20241.087324,72.505673,4.1598,4.166667,110.5435,146.504568,11213.00178,2.784885,17035.114,224.568333,0.093333,17.436203,9160.425758
2011-09-01,102420.282,21925.909521,73.334372,4.253867,4.25,111.581922,147.938168,9546.22601,2.741513,17031.313,226.032667,0.083333,30.26221,8982.863095
2011-12-01,107133.910718,22798.097067,74.073289,4.255333,4.25,105.297969,138.451056,9716.361288,2.711014,17222.583,227.047333,0.073333,29.939524,7511.362734
2012-03-01,100585.981363,22542.789279,74.588944,4.235733,4.25,109.95097,142.654061,10781.771318,2.682394,17367.01,228.326,0.103333,18.271924,8324.729618
2012-06-01,107914.996,23718.342726,75.459129,4.2383,4.25,106.228292,137.175636,11620.417486,2.665625,17444.525,228.808,0.153333,19.985257,7870.241627
2012-09-01,109610.688,25237.178445,75.911983,4.232967,4.25,106.398231,135.554619,10089.428922,2.617941,17469.65,229.841,0.143333,16.179847,7727.478561
2012-12-01,113087.334674,26170.803092,76.185747,4.243667,4.25,109.374859,139.986105,10504.48568,2.584371,17489.852,231.369333,0.16,16.761698,7913.248908
2013-03-01,105593.393451,25306.161419,76.556191,4.197667,4.25,108.980151,140.187722,11033.357378,2.574636,17662.4,232.299333,0.143333,13.536457,7922.346212
2013-06-01,114674.824,26227.156055,77.356284,4.2384,4.25,101.159872,128.673755,11456.958954,2.663129,17709.671,232.045,0.116667,14.910803,7156.704563
2013-09-01,115339.651,26445.839173,78.276983,4.372233,4.25,99.388028,125.387,10540.09927,2.785675,17860.45,233.3,0.083333,14.292182,7084.053451
2013-12-01,120827.131581,26566.856419,78.434035,4.173267,4.083333,98.736408,124.104598,11334.214177,2.784165,18016.147,234.162667,0.086667,14.174736,7162.858834
2014-03-01,110825.894513,25043.52113,79.16429,4.1027,4.0,98.072043,123.225812,11831.486238,2.809321,17953.974,235.621,0.073333,14.849206,7030.238041
2014-06-01,116921.198,25899.473701,80.071043,4.0026,4.0,96.635766,121.199067,11606.520881,2.791863,18185.911,236.872333,0.093333,12.738254,6795.276786
2014-09-01,117442.512,25392.956647,80.560637,3.768467,3.666667,98.392849,122.790466,10730.830669,2.821509,18406.941,237.478333,0.09,13.084978,6995.811281
2014-12-01,122118.39557,26280.269445,80.910241,3.655433,3.5,97.420433,116.063993,11358.275601,2.930873,18500.031,236.888333,0.1,15.921375,6632.260214
2015-03-01,112965.837536,24238.62962,81.502718,3.3757,3.25,95.702126,107.508568,10741.497397,3.058577,18666.621,235.355,0.11,16.612146,5833.16039
2015-06-01,120634.696,23865.644533,82.721276,3.473067,3.25,95.964596,106.246281,10483.155701,3.14388,18782.243,236.96,0.123333,13.724269,6056.62506
2015-09-01,121148.702,24618.591959,83.651487,3.5796,3.333333,91.84904,99.224598,9404.10675,3.21274,18857.418,237.855,0.136667,19.385988,5267.1
2015-12-01,127756.764477,26104.540517,84.2089,3.595333,3.583333,92.931764,96.502694,10296.577361,3.322562,18892.206,237.837,0.16,17.008333,4884.943001
2016-03-01,118025.323591,23537.907133,85.138244,4.464633,4.166667,94.093763,93.651805,10131.071069,3.450204,19001.69,237.689333,0.36,20.694662,4674.734722
2016-06-01,125140.772,22995.017125,85.695618,4.4233,4.25,95.361959,96.743716,10059.819262,3.317282,19062.709,239.590333,0.373333,15.642626,4736.413835
2016-09-01,126735.902,22833.948367,86.169781,4.2414,4.25,98.343714,100.892692,9146.699823,3.338026,19197.938,240.607333,0.396667,13.259196,4779.593254
2016-12-01,131679.002424,25193.564248,87.01281,4.3049,4.25,101.471493,105.201318,9749.158129,3.394735,19304.352,242.134667,0.45,14.097937,5280.847908
2017-03-01,120720.841671,22149.338164,88.068362,4.248667,4.25,102.130505,109.406718,10231.567863,3.287855,19398.343,243.838667,0.7,11.678951,5840.034153
2017-06-01,128455.461,22198.682775,88.399384,4.122933,4.083333,100.425171,107.795901,9615.2578,3.262675,19506.949,244.12,0.95,11.504075,5667.741222
2017-09-01,130303.087,23982.445882,88.746623,3.726933,3.666667,105.476241,113.603156,9070.399576,3.245507,19660.766,245.287,1.153333,10.892717,6349.303571
2017-12-01,134735.610401,26088.413135,88.447725,3.3707,3.333333,109.684016,122.358088,10731.043027,3.245918,19882.352,247.238333,1.203333,10.310144,6822.680821
2018-03-01,124544.027719,23217.008213,88.886652,2.971633,2.916667,107.202447,124.109286,10939.759297,3.238481,20044.077,249.321667,1.446667,17.516976,6957.185281
2018-06-01,135643.668,23932.409205,89.236869,2.764833,2.75,102.698271,122.691124,12499.023518,3.258396,20150.476,250.679,1.736667,15.356753,6880.881151
2018-09-01,133481.059,24302.437153,89.919557,2.7464,2.75,98.612941,116.61815,10263.014989,3.291997,20276.154,251.686333,1.923333,12.868367,6117.519318
2018-12-01,140957.245326,26398.606587,90.275723,2.758767,2.75,99.462599,114.662853,10742.040659,3.357537,20304.874,252.711,2.22,21.23146,6163.607734
2019-03-01,127532.946748,24045.617077,90.777142,2.752533,2.75,100.504193,114.37318,11645.308405,3.323343,20431.641,253.385667,2.403333,16.430785,6226.351353
2019-06-01,137204.789,25454.86766,91.501026,2.765033,2.75,103.20187,117.161725,12899.643385,3.320613,20602.275,255.247333,2.396667,15.168955,6112.830754
2019-09-01,138005.247,26647.15945,91.718611,2.6069,2.583333,104.702883,116.33144,10292.228754,3.34171,20843.322,256.089333,2.19,15.948,5803.295376
2019-12-01,143862.017305,26731.806582,91.975159,2.351,2.333333,104.325638,115.366923,11350.388166,3.362217,20985.448,257.888,1.643333,13.915563,5898.104236
2020-03-01,122974.622805,20699.625179,92.475747,2.110233,1.916667,107.191584,115.427524,11031.362148,3.403026,20709.212,258.817667,1.26,30.435573,5633.863636
2020-06-01,95975.848,11127.004248,93.058129,0.3413,0.25,108.081684,109.146479,7879.875285,3.429606,19077.992,256.292,0.06,34.490118,5350.797923
2020-09-01,126016.233,24637.554756,93.359948,0.151067,0.25,119.537035,123.501211,8384.633479,3.545135,20558.879,259.221667,0.093333,25.792532,6528.584576
2020-12-01,141876.296288,29571.777915,93.76553,0.2216,0.25,123.734952,132.447043,10774.14502,3.601998,20791.917,261.091667,0.09,25.602742,7184.985534
2021-03-01,128175.738787,28099.226058,94.841635,0.2148,0.25,127.216007,147.291123,12359.017563,3.659334,21106.619,263.742333,0.08,23.297857,8477.111775
2021-06-01,136362.095,28485.22294,95.566017,0.249667,0.25,126.324207,157.197223,13548.593145,3.794436,21474.077,268.550333,0.07,18.044503,9707.534167
2021-09-01,140832.37,29809.38172,97.715752,0.504133,0.583333,123.036772,159.096758,13990.029414,4.044573,21641.672,272.829667,0.09,18.300274,9381.889524
2021-12-01,146790.796253,29955.762809,99.364119,1.753867,2.0,124.523164,168.270583,14294.47511,4.023874,22001.64,278.771333,0.08,19.24215,9703.101198
2022-03-01,133215.627842,28360.497554,100.740927,3.405133,3.5,119.138207,168.188188,14951.07258,3.806289,21945.682,284.905667,0.12,25.299372,9985.468804
2022-06-01,141045.79,28917.327799,103.489078,4.8749,5.0,111.07089,165.47691,16400.307421,3.748142,21976.292,291.605333,0.77,27.306773,9545.642237
2022-09-01,143727.943,29876.501194,106.07591,6.282233,6.416667,107.503439,156.503851,13179.569535,3.891228,22124.384,295.453,2.19,24.83554,7760.544354
2022-12-01,149732.63923,29211.552914,107.704916,7.209333,7.25,113.473724,157.452037,12801.375842,3.895066,22272.546,298.541667,3.653333,25.029697,8024.011861
2023-03-01,133188.255831,25139.52675,109.373742,7.713567,7.75,117.983873,159.471102,13820.831707,3.817756,22456.938,301.230333,4.516667,20.644632,8933.414744
2023-06-01,140469.188,26854.058134,111.184114,7.7361,7.75,119.370216,154.704004,13131.841985,3.701788,22577.556,303.397667,4.99,16.485721,8482.943771
2023-09-01,142835.03,28422.881717,111.909161,7.698567,7.666667,122.239256,156.645824,11205.873596,3.675769,22828.796,305.989,5.26,14.986542,8367.073706
2023-12-01,149238.526247,28864.224653,111.729436,7.0761,7.0,125.570305,159.437492,12349.055799,3.779991,23033.25,308.195,5.33,15.208439,8179.614704
2024-03-01,135172.356865,25457.168891,112.787066,6.399233,6.333333,126.707675,159.4511,12383.112345,3.758891,23115.975,311.003333,5.33,13.718871,8449.70303
2024-06-01,145885.276,27100.880645,113.671576,5.892167,5.833333,134.905687,170.383408,12974.605498,3.742923,23320.074,313.080667,5.33,13.954474,9736.974705
2024-09-01,148691.984,29556.037114,114.123537,5.5295,5.5,139.945409,173.313598,12633.517711,3.75798,23501.76,314.121,5.263333,17.116506,9208.519781
2024-12-01,155868.383158,30770.505227,114.055972,5.087533,5.083333,142.927031,175.060363,13554.964149,3.755779,23641.759,316.587667,4.65,17.280766,9173.208725
2025-03-01,140592.187352,27729.531213,114.517122,4.743567,4.75,147.568355,182.00066,13806.736773,3.699348,23650.213,319.475,4.33,18.524355,9347.826256
2025-06-01,149867.872719,29601.290222,115.578304,4.579798,4.583333,158.442827,192.274849,14961.433219,3.654583,23884.563,320.785667,4.33,23.610599,9512.988304
2025-09-01,154199.554955,32943.903333,115.703282,4.4588,4.416667,165.313506,201.784588,13445.672191,3.534073,24112.966,323.235,4.293333,15.973465,9812.409777
2025-12-01,161048.431148,33873.49272,115.663913,4.2463,4.25,181.341508,221.141194,14439.865896,3.384559,24125.479,,3.896667,17.801401,11114.303451
2026-03-01,145603.618609,31399.650672,117.468311,4.241,4.25,201.986585,252.687052,14697.563684,3.386833,24274.383,328.113667,3.64,20.327622,12822.220455
2026-06-01,153715.315457,34824.86756,120.173763,4.247133,4.25,183.578638,251.757563,18136.682131,3.427357,24408.011,332.984667,3.633333,18.318622,13318.294942
2026-09-01,,,,,4.25,,,,,,,3.67,16.031949,
