date,ipx,pbi,icgg
1996-03-01,42.0515991030882,47884.6254354263,3748.4216950843365
1996-06-01,42.56704224136249,51913.6802841099,4460.093969608337
1996-09-01,40.022220006474136,50072.6007893094,3921.0264267123234
1996-12-01,41.599073188283334,51138.3832151705,4056.83258749322
1997-03-01,42.334471786451395,50364.8714654994,4197.26427434917
1997-06-01,42.73490062631746,56186.4675773475,4580.537409133866
1997-09-01,43.57059166468506,53279.5825537357,4189.979239225833
1997-12-01,41.066224753124835,54197.3697924744,4320.3067069047165
1998-03-01,39.60887045289946,51486.8762910731,4293.5973900448735
1998-06-01,39.7780824846225,54478.7931775254,4328.156312321979
1998-09-01,38.46032141975093,53514.8455470799,4173.669730145037
1998-12-01,36.1547338764887,53709.4783769102,4007.6899526049165
1999-03-01,35.794827383178664,51214.6336370812,3956.5644278807736
1999-06-01,34.760182064365836,55517.781013156,3885.9579126195263
1999-09-01,35.6307951230069,53196.0898080476,3762.644409932687
1999-12-01,37.60514132894097,56448.2361722294,4185.100131556513
2000-03-01,37.921183325405565,54674.8223764209,4139.3717853278
2000-06-01,36.79946108257237,58255.5507054466,4271.39675414207
2000-09-01,37.85630680079456,54621.7511351727,3981.302146324633
2000-12-01,37.12918361454174,54654.5831316539,4242.448553897987
2001-03-01,36.879360288054365,51760.3669761745,3820.9094551382
2001-06-01,35.927558008161434,58431.0640912253,3948.9838595326532
2001-09-01,36.1119142872724,56119.6473108455,3917.0503968147236
2001-12-01,35.54885911892233,57268.497372373,3954.236519602877
2002-03-01,36.3449569032406,55137.7411989528,3647.9179016087933
2002-06-01,38.052019911079334,62307.2267834046,4262.61002934943
2002-09-01,38.61275823820777,58404.3544652876,4496.298218285487
2002-12-01,39.496587873492565,59923.6246813338,4344.542052120077
2003-03-01,40.381020544592666,58249.270140964,4288.978577350656
2003-06-01,39.620067706790564,65202.488111194,4523.7216562179465
2003-09-01,41.90034288852707,60551.6834730799,4527.280321946339
2003-12-01,45.0576961707334,61589.1720277519,4767.609829612057
2004-03-01,51.18488782654594,60913.815574515,4585.67377266303
2004-06-01,52.236793907104534,67639.7128672909,5093.201987255737
2004-09-01,52.138291367847806,63145.7528506701,4860.8194804361
2004-12-01,55.7278913623538,66070.5049405968,4943.774147743004
2005-03-01,58.06055693316893,64340.8894127658,5145.0587887286965
2005-06-01,60.6749549803068,71310.3676198867,6162.641748484554
2005-09-01,63.523238264424435,67229.8261868521,5249.889865913667
2005-12-01,67.71699346845143,71090.0706672864,5706.945272503501
2006-03-01,73.68335746144457,69670.7640688162,6475.2488168340205
2006-06-01,88.25921612351554,75823.9354937986,7885.7940827375905
2006-09-01,92.22560107803967,72806.2690644193,6843.21857281748
2006-12-01,91.44000011395826,76296.8621833945,7010.85012773205
2007-03-01,92.6014044943169,73354.118,7069.573756633873
2007-06-01,102.12846300024,80625.953,9380.54363316534
2007-09-01,101.857107845968,80699.632,7713.157908091846
2007-12-01,103.41302465947534,85013.297,7628.9367690120125
2008-03-01,108.49518393715933,80796.3110951608,7938.45961339549
2008-06-01,114.03863098531299,89117.7139999984,9572.60277805105
2008-09-01,107.06745101515467,88430.240999998,8470.680650335218
2008-12-01,80.01897514420743,90525.7339497542,7667.33245221978
2009-03-01,76.67774584278857,82892.2081445808,7094.1343588538
2009-06-01,84.38495191730304,88463.962000002,7788.5611884993305
2009-09-01,92.65246103722912,88341.3289999977,6970.342428186686
2009-12-01,104.24423247553534,92995.5009058618,7521.255873203249
2010-03-01,110.01389857836567,87436.7171800608,8696.017946078844
2010-06-01,114.447522237137,96793.1180000031,9513.137471663924
2010-09-01,115.14757550215533,96794.9929999976,8398.990793616025
2010-12-01,127.77326845849568,101056.171820388,8822.428574184027
2011-03-01,139.30822968335465,94793.5222929377,10016.308639358753
2011-06-01,146.5045675346813,101908.285000004,11213.001780353923
2011-09-01,147.9381682595437,102420.281999997,9546.22601000076
2011-12-01,138.451055885561,107133.910718154,9716.361287591986
2012-03-01,142.654060941039,100585.981363423,10781.77131789413
2012-06-01,137.175635529212,107914.996000004,11620.417486482229
2012-09-01,135.554618702396,109610.687999996,10089.428922266177
2012-12-01,139.98610481735932,113087.33467425,10504.485679932468
2013-03-01,140.18772241890932,105593.393451436,11033.357377942522
2013-06-01,128.673755384841,114674.824000004,11456.95895410634
2013-09-01,125.38700043470668,115339.650999996,10540.099270144367
2013-12-01,124.10459797281334,120827.13158101,11334.214176923133
2014-03-01,123.22581209241633,110825.894512799,11831.486237719166
2014-06-01,121.199067012858,116921.198000004,11606.520881078666
2014-09-01,122.79046642266633,117442.511999996,10730.830668742334
2014-12-01,116.06399265644568,122118.395569731,11358.275601316402
2015-03-01,107.508567865521,112965.83753642,10741.497396621306
2015-06-01,106.24628109972666,120634.696000004,10483.155700809408
2015-09-01,99.22459799927441,121148.701999996,9404.106749889963
2015-12-01,96.50269417891009,127756.764476669,10296.577360583171
2016-03-01,93.6518054271201,118025.323590825,10131.0710690771
2016-06-01,96.74371608425402,125140.772000005,10059.819262168437
2016-09-01,100.89269173073062,126735.901999996,9146.699823388628
2016-12-01,105.20131766661166,131679.002423666,9749.158128991503
2017-03-01,109.40671763939633,120720.841670623,10231.567862856447
2017-06-01,107.795901143151,128455.461000005,9615.257800333713
2017-09-01,113.60315644114833,130303.086999996,9070.39957562685
2017-12-01,122.358088028615,134735.610401299,10731.043026992678
2018-03-01,124.10928572602,124544.027718609,10939.759297236516
2018-06-01,122.69112420595333,135643.668000005,12499.023518325266
2018-09-01,116.61815014682232,133481.058999995,10263.014989048566
2018-12-01,114.662853271609,140957.245326021,10742.040659226133
2019-03-01,114.37317983602766,127532.946747517,11645.308404502566
2019-06-01,117.161725219193,137204.789000005,12899.6433847
2019-09-01,116.33143950373066,138005.246999995,10292.228753874386
2019-12-01,115.36692335991933,143862.017305252,11350.3881660764
2020-03-01,115.42752352553767,122974.622805243,11031.362147705213
2020-06-01,109.14647850357034,95975.8480000031,7879.875284735307
2020-09-01,123.50121126335034,126016.232999996,8384.63347871354
2020-12-01,132.44704319646334,141876.296287791,10774.145020290887
2021-03-01,147.291122960803,128175.738787238,12359.017563298867
2021-06-01,157.19722271280966,136362.095000005,13548.593145414234
2021-09-01,159.09675753858698,140832.369999995,13990.0294135742
2021-12-01,168.27058310858266,146790.796252886,14294.475110147667
2022-03-01,168.18818751658932,133215.627842148,14951.072579633435
2022-06-01,165.47691033723567,141045.790000005,16400.3074207523
2022-09-01,156.503850524819,143727.942999995,13179.569535127099
2022-12-01,157.45203712814066,149732.639230427,12801.375841901501
2023-03-01,159.47110171419433,133188.255831495,13820.831707417869
2023-06-01,154.70400387627,140469.188000005,13131.841985268902
2023-09-01,156.645824009476,142835.029999995,11205.873595737032
2023-12-01,159.437492055167,149238.526247161,12349.055798672867
2024-03-01,159.45109993839867,135172.35686503,12383.112344703268
2024-06-01,170.38340773510333,145885.276000006,12974.605498145867
2024-09-01,173.313597662167,148691.983999995,12633.517710676168
2024-12-01,175.060362950922,155868.383158359,13554.964148628032
2025-03-01,182.00066036714233,140592.187351702,13806.736772982234
2025-06-01,192.27484915158502,149867.872718688,14961.433219087698
2025-09-01,201.78458765157134,154199.554955317,13445.672190889969
2025-12-01,221.141194124854,161048.431148187,14439.865895673734
2026-03-01,252.68705151812867,145603.618609189,14697.563684458199
2026-06-01,251.75756265666234,153715.315456915,18136.682131463
